Date,Open,High,Low,Adj. Close,Volume
31-Dec-18,101.82,102.91,101.23,102.23,"1,162,662"
28-Dec-18,101.69,102.75,100.63,101.23,"1,119,534"
27-Dec-18,98.29,101.43,98,101.42,"1,430,447"
26-Dec-18,95.84,99.3,94.41,99.27,"1,310,624"
24-Dec-18,96.04,98.09,95.35,95.6,"1,100,037"
21-Dec-18,97.36,99.52,96.28,96.32,"2,350,598"
20-Dec-18,97.48,98.94,96.05,97.07,"2,327,546"
19-Dec-18,97.93,99.67,95.82,96.43,"1,686,684"
18-Dec-18,97.8,98.67,96.27,96.7,"1,684,753"
17-Dec-18,100.03,100.49,96.57,97.13,"1,487,001"
14-Dec-18,99.94,100.83,97.58,100.14,"2,367,798"
13-Dec-18,103.65,104.15,100.48,100.9,"1,611,537"
12-Dec-18,104.02,104.8,103.42,103.46,"852,758"
11-Dec-18,105.15,105.75,102.6,103.04,"834,827"
10-Dec-18,103.13,103.83,101.12,103.46,"1,209,021"
7-Dec-18,106.17,107.54,102.6,103.23,"1,184,976"
6-Dec-18,105.44,105.82,103.2,105.79,"1,734,219"
4-Dec-18,110.42,110.73,106.54,106.73,"1,457,601"
3-Dec-18,110.38,111.42,109.32,110.56,"1,206,513"
30-Nov-18,108.24,109.99,108.24,109.33,"1,962,016"
29-Nov-18,108.28,109.42,107.76,108.47,"2,603,717"
28-Nov-18,106.05,107.72,104.51,107.64,"1,277,626"
27-Nov-18,106.72,107.29,105.44,105.8,"944,420"
26-Nov-18,108,108.14,106.83,107.34,"1,730,592"
23-Nov-18,106.07,108.08,105.99,107.29,"381,890"
21-Nov-18,106.6,108.39,106.34,106.81,"1,099,651"
20-Nov-18,106.34,106.68,104.86,105.88,"1,940,052"
19-Nov-18,107.36,108.71,106.85,107.7,"1,291,214"
16-Nov-18,106.62,108.02,105.85,107.17,"2,201,236"
15-Nov-18,104.69,107.73,104.01,107.08,"1,375,306"
14-Nov-18,105.2,106.68,104.68,105.35,"1,345,299"
13-Nov-18,105.64,105.98,104,104.31,"3,662,079"
12-Nov-18,107.7,107.92,105.23,105.4,"2,173,520"
9-Nov-18,108.2,108.59,106.36,107.71,"897,306"
8-Nov-18,108.52,108.95,105.72,108.67,"1,028,775"
8-Nov-18,0.48 Dividend,,,,
7-Nov-18,107.53,109.09,106.14,109.05,"1,299,850"
6-Nov-18,106.19,106.96,105.81,106.89,"934,568"
5-Nov-18,106.38,106.75,105.49,105.98,"1,474,760"
2-Nov-18,106.4,107.51,105.15,106.44,"1,315,515"
1-Nov-18,104.63,106.91,104.63,106.27,"1,476,945"
31-Oct-18,104.54,106.01,103.78,104.63,"2,594,975"
30-Oct-18,102.53,104.15,101.67,103.76,"3,070,712"
29-Oct-18,104.59,105.45,100.97,102.44,"4,258,480"
26-Oct-18,102.13,103.49,100.63,102.38,"2,826,003"
25-Oct-18,102.49,103.67,99.9,103.26,"4,542,162"
24-Oct-18,99.46,100.14,97.11,97.35,"2,990,873"
23-Oct-18,99.67,100.68,97.86,100.19,"3,073,917"
22-Oct-18,101.16,101.38,99.38,101.21,"3,851,986"
19-Oct-18,99.92,101.37,99.33,100.95,"3,417,055"
18-Oct-18,98.8,100.18,96.97,98.56,"3,516,142"
17-Oct-18,97.54,98.13,96.88,97.69,"2,665,326"
16-Oct-18,96.2,97.9,95.55,97.75,"1,854,272"
15-Oct-18,94.42,96.25,93.96,95.73,"2,355,171"
12-Oct-18,96.81,97.56,93.99,94.67,"2,449,328"
11-Oct-18,98.86,99.37,95.69,95.96,"2,762,338"
10-Oct-18,100.74,101.1,97.16,99.16,"5,162,663"
9-Oct-18,99.63,101.47,97.88,98.13,"10,425,672"
8-Oct-18,107.55,109.28,107.34,109.1,"1,310,213"
5-Oct-18,107.9,108.42,107.21,107.55,"868,227"
4-Oct-18,107.73,108.42,106.96,107.98,"1,294,913"
3-Oct-18,110.17,110.9,108.11,108.25,"2,440,536"
2-Oct-18,109.4,110.23,109.37,109.73,"1,314,699"
1-Oct-18,109.18,109.85,108.85,109.27,"1,338,100"
28-Sep-18,108.31,108.68,106.65,108.65,"2,456,710"
27-Sep-18,109.91,109.91,108.44,108.51,"1,806,862"
26-Sep-18,111.02,111.67,109.71,109.91,"1,425,295"
25-Sep-18,112.52,112.64,110.47,111.05,"1,628,990"
24-Sep-18,112.5,113.5,109.77,112.2,"2,396,472"
21-Sep-18,116,116.22,115.05,115.47,"3,487,372"
20-Sep-18,115.09,115.99,114.71,115.41,"1,259,860"
19-Sep-18,113.16,114.72,112.78,114.55,"1,529,656"
18-Sep-18,112.98,113.25,112.03,112.77,"998,051"
17-Sep-18,111.79,112.91,111.4,112.49,"1,414,751"
14-Sep-18,112.33,112.75,111.03,111.68,"1,316,114"
13-Sep-18,112.42,113.29,111.85,112.46,"1,032,818"
12-Sep-18,111.91,112.08,111.03,111.54,"1,214,651"
11-Sep-18,111.16,112.6,110.85,112.1,"1,288,553"
10-Sep-18,111.63,112.04,110.95,111.6,"984,589"
7-Sep-18,110.93,111.38,110.09,111.02,"859,531"
6-Sep-18,110.46,111.72,110.05,111.51,"1,297,299"
5-Sep-18,108.86,110.5,108.28,110.12,"1,633,091"
4-Sep-18,110.02,110.09,108.59,109.4,"924,571"
31-Aug-18,109.89,110.78,109.37,110.06,"956,903"
30-Aug-18,110.85,110.85,109.73,110.18,"887,546"
29-Aug-18,109.51,111.33,108.9,111.17,"1,406,500"
28-Aug-18,110.87,110.87,109.14,109.39,"1,505,748"
27-Aug-18,110.29,110.96,110.08,110.64,"1,137,263"
24-Aug-18,109.76,110.34,109.26,110.14,"869,002"
23-Aug-18,109.78,110.32,109.17,109.29,"1,389,865"
22-Aug-18,110.55,110.84,109.79,110.12,"1,271,904"
21-Aug-18,109.5,111.32,109.21,110.59,"1,587,686"
20-Aug-18,108.37,110.01,108.01,109.25,"1,488,809"
17-Aug-18,107.55,108.27,107,107.94,"773,172"
16-Aug-18,107.38,107.99,106.9,107.43,"1,213,443"
15-Aug-18,106.05,106.73,104.98,106.56,"1,310,141"
14-Aug-18,105.6,106.74,105.6,106.38,"771,334"
13-Aug-18,106.82,107.16,105.13,105.62,"1,272,803"
10-Aug-18,108.2,108.51,106.9,106.99,"628,175"
9-Aug-18,108.33,109.54,107.63,108.73,"1,013,170"
9-Aug-18,0.48 Dividend,,,,
8-Aug-18,109.2,109.2,107.63,108.29,"797,663"
7-Aug-18,109.58,109.86,108.88,109,"581,611"
6-Aug-18,109.4,109.87,108.75,109.35,"854,593"
3-Aug-18,108.97,110.09,108.7,109.98,"1,041,915"
2-Aug-18,108.36,108.9,107.69,108.36,"975,447"
1-Aug-18,109.28,110.19,108.72,108.77,"1,155,484"
31-Jul-18,108.91,109.87,108.47,109.69,"1,390,335"
30-Jul-18,108.61,110.07,108.1,108.78,"1,420,734"
27-Jul-18,109.3,109.52,107.58,108.48,"1,259,832"
26-Jul-18,108.4,110.03,108.18,109.69,"1,482,932"
25-Jul-18,107.06,108.65,106.45,108.32,"1,933,760"
24-Jul-18,103.86,105.6,103.47,105.12,"1,375,481"
23-Jul-18,103.61,104.13,102.94,103.5,"1,772,616"
20-Jul-18,104.95,105.01,103.88,104.08,"1,391,962"
19-Jul-18,105.82,106.08,102.44,105.46,"2,543,774"
18-Jul-18,105.4,106.52,104.7,105.82,"2,900,774"
17-Jul-18,101.45,104.73,101.19,104.49,"2,170,980"
16-Jul-18,102.94,103.12,101.02,101.47,"2,177,013"
13-Jul-18,102.5,103.23,102,103.08,"1,568,981"
12-Jul-18,103.53,103.53,102.4,102.93,"1,476,837"
11-Jul-18,103,103.87,102.44,102.84,"1,686,821"
10-Jul-18,103.21,103.95,102.8,103.88,"1,340,965"
9-Jul-18,102.32,103.25,102.19,103.01,"1,171,631"
6-Jul-18,101.46,102.44,100.99,102.1,"1,075,909"
5-Jul-18,101.06,101.99,100.73,101.91,"1,445,505"
3-Jul-18,101.98,102.92,100.98,101.11,"800,634"
2-Jul-18,101.82,102.47,100.28,101.78,"2,304,409"
29-Jun-18,104.76,105.1,102.76,102.82,"3,074,346"
28-Jun-18,104.58,106,102.99,104.79,"2,833,490"
27-Jun-18,105.34,105.41,104.07,104.19,"2,166,776"
26-Jun-18,104.59,105.8,104.37,104.9,"2,075,000"
25-Jun-18,104.19,104.26,103.58,104.19,"3,175,597"
22-Jun-18,103.73,104.93,103.6,104.5,"4,180,560"
21-Jun-18,103.89,103.89,102.68,103.39,"3,472,563"
20-Jun-18,103.1,104.34,103.1,104.22,"1,810,651"
19-Jun-18,103.14,103.38,102.1,103.22,"2,613,804"
18-Jun-18,103.53,104.09,102.85,104.08,"1,978,600"
15-Jun-18,103.18,104.5,102.99,104.46,"3,221,930"
14-Jun-18,102.71,103.26,101.8,103.05,"2,071,450"
13-Jun-18,102.71,103.14,102.13,102.4,"2,391,528"
12-Jun-18,103.09,103.4,101.82,102.62,"2,211,716"
11-Jun-18,102.98,103.48,102.55,103.02,"1,094,659"
8-Jun-18,102.09,103.47,101.63,103.24,"1,444,909"
7-Jun-18,103.28,103.29,101.51,102.19,"1,261,289"
6-Jun-18,101.63,103.19,100.97,103.02,"1,366,955"
5-Jun-18,101.56,102.02,101.08,101.6,"854,894"
4-Jun-18,101.55,101.96,101.08,101.53,"1,013,874"
1-Jun-18,100.68,102.04,99.99,101.12,"1,420,552"
31-May-18,100.79,100.88,99.94,100.04,"1,774,387"
30-May-18,100.64,100.95,99.48,100.54,"2,070,076"
29-May-18,101.54,102.21,99.73,100.16,"1,618,416"
25-May-18,101.15,102.6,100.78,102.49,"1,121,484"
24-May-18,101.46,102.03,100.61,101.6,"1,087,487"
23-May-18,101.34,102.08,100.81,101.81,"1,312,466"
22-May-18,104.11,104.31,101.82,101.94,"1,549,365"
21-May-18,104.58,104.93,103.92,104.11,"1,229,718"
18-May-18,103.25,104.38,103.12,104.03,"2,829,956"
17-May-18,102.36,103.8,102.35,103.5,"1,292,872"
16-May-18,101,103.07,100.32,102.59,"2,090,344"
15-May-18,101.88,102.34,100.89,102.13,"1,787,840"
14-May-18,100.16,102.07,100.09,102.07,"3,719,794"
11-May-18,104.92,105.36,99.48,99.55,"7,284,993"
10-May-18,106.32,106.76,105.01,105.18,"1,951,494"
9-May-18,105.78,106.47,105.18,106.11,"1,153,285"
9-May-18,0.45 Dividend,,,,
8-May-18,104.7,105.77,104.58,105.3,"900,605"
7-May-18,105.1,105.6,104.27,104.84,"997,701"
4-May-18,103.13,105.65,102.79,105.02,"1,193,942"
3-May-18,104.18,104.83,102.93,103.6,"1,281,255"
2-May-18,105.67,105.88,104.04,104.34,"1,889,887"
1-May-18,103.74,105.56,102.67,105.54,"1,316,596"
30-Apr-18,107.11,107.49,104.38,104.51,"1,413,093"
27-Apr-18,105.92,106.94,105.81,106.57,"1,022,701"
26-Apr-18,106.57,106.69,105.06,106.31,"1,173,732"
25-Apr-18,106.07,108.05,104.55,106.48,"2,649,100"
24-Apr-18,107.56,108.03,103.04,104.4,"2,372,240"
23-Apr-18,107.39,108.38,107.29,107.47,"1,431,060"
20-Apr-18,108.04,108.74,106.84,107.46,"1,971,154"
19-Apr-18,112.28,112.42,106.98,108.22,"2,373,977"
18-Apr-18,111.84,112.36,111.32,111.73,"2,156,821"
17-Apr-18,110.75,112.02,110.22,111.62,"1,604,179"
16-Apr-18,109.45,110.55,109.03,110.32,"1,739,282"
13-Apr-18,109.22,109.49,108.14,108.58,"1,185,925"
12-Apr-18,108.33,109,107.22,108.62,"1,901,928"
11-Apr-18,107.96,108.43,107.17,107.87,"1,298,793"
10-Apr-18,109.19,109.81,108.48,108.93,"1,526,241"
9-Apr-18,108.87,109.93,107.96,108.19,"1,270,109"
6-Apr-18,109.17,110.41,107,107.97,"1,677,839"
5-Apr-18,110.25,110.85,109.65,110.23,"1,472,489"
4-Apr-18,106.99,109.46,106.55,109.36,"1,259,378"
3-Apr-18,107.1,109,106.4,108.75,"2,202,951"
2-Apr-18,110.11,110.14,105.66,106.86,"1,504,673"
29-Mar-18,108.93,111.07,108.62,110.16,"1,276,966"
28-Mar-18,110.73,111.38,108.51,108.55,"2,016,709"
27-Mar-18,111.13,112.45,110.03,110.46,"1,530,528"
26-Mar-18,109.19,110.65,108.59,110.48,"1,187,439"
23-Mar-18,110,111.03,107.97,108.06,"1,371,649"
22-Mar-18,111.66,112.29,109.68,109.87,"1,251,029"
21-Mar-18,112.53,113.96,112.24,112.48,"1,233,808"
20-Mar-18,113.51,114.08,112.23,112.38,"1,446,925"
19-Mar-18,112.94,113.37,111.16,111.76,"1,109,254"
16-Mar-18,112.81,113.72,112.38,113.44,"2,409,716"
15-Mar-18,113.72,114.34,112.49,112.8,"1,127,032"
14-Mar-18,114.97,115.24,113.2,113.55,"1,000,481"
13-Mar-18,115.68,116.31,113.99,114.57,"1,338,366"
12-Mar-18,116.13,117.09,114.1,114.95,"1,293,029"
9-Mar-18,114.71,116.22,114.45,116.13,"1,412,282"
8-Mar-18,113.92,114.14,113.35,113.91,"1,059,801"
7-Mar-18,112.31,113.83,112.23,113.53,"1,311,632"
6-Mar-18,111.63,114.64,111.24,113.58,"1,531,033"
5-Mar-18,108.08,111.63,108.08,111.3,"1,997,128"
2-Mar-18,108.8,109.46,108.17,108.82,"1,360,195"
1-Mar-18,110.5,111.67,108.87,109.67,"1,603,734"
28-Feb-18,112.23,113.24,110.84,110.99,"2,725,331"
27-Feb-18,116.23,116.35,113.78,113.82,"1,090,834"
26-Feb-18,116.03,116.23,114.74,116.01,"964,881"
23-Feb-18,115.17,116.08,114.38,115.94,"738,536"
22-Feb-18,114.77,115.58,114.09,114.36,"919,713"
21-Feb-18,113.99,116.21,113.83,114.12,"1,017,403"
20-Feb-18,113.86,114.62,113.26,113.91,"1,038,435"
16-Feb-18,114.36,115.71,113.88,114.66,"995,928"
15-Feb-18,114.74,115.04,113.32,114.69,"1,276,858"
15-Feb-18,0.45 Dividend,,,,
14-Feb-18,111.94,114.86,111.57,114.37,"1,283,813"
13-Feb-18,111.54,112.9,110.71,112.64,"1,423,776"
12-Feb-18,111.11,112.81,110.97,112.07,"1,242,926"
9-Feb-18,109.89,111.3,106.92,110.49,"1,739,285"
8-Feb-18,111.98,112.29,108.42,108.45,"2,099,480"
7-Feb-18,111.95,114.78,111.58,112.22,"2,223,283"
6-Feb-18,108.48,112.29,107.76,112.05,"2,391,951"
5-Feb-18,113.36,115.16,109.75,110.1,"2,484,634"
2-Feb-18,115.31,115.49,113.57,113.67,"1,659,166"
1-Feb-18,116.18,116.78,113.63,115.65,"1,393,930"
31-Jan-18,116.88,117.07,116.22,116.74,"1,400,063"
30-Jan-18,117.2,117.65,115.81,116.37,"1,172,346"
29-Jan-18,118.88,119.61,117.38,117.57,"1,332,232"
26-Jan-18,118.48,119.46,117.62,119.43,"1,686,798"
25-Jan-18,117.75,118.75,116.98,118.2,"2,489,366"
24-Jan-18,115.57,117.12,115.38,116.95,"1,985,506"
23-Jan-18,114.56,116.13,114.56,115.29,"1,731,728"
22-Jan-18,116.28,116.67,114.41,114.82,"1,672,586"
19-Jan-18,116.07,117.13,114.58,116.46,"2,953,303"
18-Jan-18,113.81,120.02,113.23,116.43,"3,736,596"
17-Jan-18,114.65,115.08,112.37,112.58,"3,855,085"
16-Jan-18,116.57,117,114.22,114.69,"2,373,757"
12-Jan-18,116.03,116.61,115.7,116.19,"1,466,325"
11-Jan-18,114.73,115.89,114.17,115.6,"1,290,302"
10-Jan-18,115.99,116.35,114.36,114.66,"1,382,306"
9-Jan-18,117.06,117.18,116.17,116.24,"1,012,770"
8-Jan-18,117.01,117.19,116.5,116.73,"1,260,148"
5-Jan-18,115.77,117.06,115.52,116.93,"959,574"
4-Jan-18,116.67,117.75,115.35,115.5,"1,226,061"
3-Jan-18,116.02,116.82,115.18,116.21,"929,811"
2-Jan-18,115.02,116.02,114.85,116.02,"935,225"
29-Dec-17,115.37,115.71,114.86,114.86,"867,713"
28-Dec-17,114.73,115.21,114.28,115.21,"533,215"
27-Dec-17,114.51,114.68,114.08,114.54,"548,021"
26-Dec-17,114.45,114.51,114.13,114.33,"491,308"
22-Dec-17,114.47,114.57,113.96,114.24,"574,938"
21-Dec-17,114.38,114.93,114.1,114.23,"645,172"
20-Dec-17,114.43,115.23,114.16,114.21,"1,030,407"
19-Dec-17,114.72,114.97,114.06,114.36,"1,182,687"
18-Dec-17,113.68,114.58,113.43,114.18,"1,205,097"
15-Dec-17,112.78,113.55,112.39,113.16,"2,537,296"
14-Dec-17,114.36,114.67,111.36,111.91,"1,834,927"
13-Dec-17,114.13,115,114.08,114.3,"1,292,135"
12-Dec-17,113.95,114.3,113.41,113.95,"2,037,387"
11-Dec-17,114.12,114.51,112.81,113.74,"948,848"
8-Dec-17,114.29,114.48,113.78,113.98,"786,147"
7-Dec-17,114.09,114.74,113.95,114.16,"1,128,638"
6-Dec-17,114.86,115.22,114.09,114.24,"893,462"
5-Dec-17,115.4,115.67,114.7,114.79,"1,004,510"
4-Dec-17,115.92,116.93,114.87,115.59,"1,337,199"
1-Dec-17,115.34,115.62,112.97,113.99,"1,540,781"
30-Nov-17,115.14,116.51,114.65,114.89,"2,045,070"
29-Nov-17,115.51,115.76,114.59,115.05,"1,157,004"
28-Nov-17,114.31,115.45,114.31,115.37,"1,832,379"
27-Nov-17,114.01,114.43,113.77,113.91,"1,196,328"
24-Nov-17,113.87,114.58,113.72,114.15,"438,775"
22-Nov-17,113.69,114.59,113.32,113.34,"1,502,437"
21-Nov-17,113.67,113.91,113.22,113.41,"794,221"
20-Nov-17,112.17,113.97,111.97,112.96,"1,058,455"
17-Nov-17,112.09,112.54,111.67,111.92,"1,809,722"
16-Nov-17,111.88,112.28,111.48,112.1,"1,396,206"
15-Nov-17,112.18,112.18,111.35,111.49,"951,966"
14-Nov-17,111.59,112.65,111.51,112.43,"974,877"
13-Nov-17,112.35,112.96,112.23,112.63,"1,247,762"
10-Nov-17,112.76,113.11,112.46,112.75,"908,556"
9-Nov-17,113.12,113.79,112.64,113.2,"926,982"
9-Nov-17,0.45 Dividend,,,,
8-Nov-17,113.83,114.06,113.16,113.73,"877,080"
7-Nov-17,114.15,114.55,113.66,113.95,"639,074"
6-Nov-17,114.16,114.38,113.92,113.95,"639,602"
3-Nov-17,113.79,114.46,113.51,114.13,"781,619"
2-Nov-17,113.71,113.82,113.14,113.77,"984,577"
1-Nov-17,113.95,114.32,113.11,113.54,"1,140,013"
31-Oct-17,114.17,114.68,113.64,113.85,"1,156,574"
30-Oct-17,115.13,115.41,113.53,113.77,"1,238,720"
27-Oct-17,116.06,117.39,114.85,115.5,"2,031,351"
26-Oct-17,116.15,116.62,115.64,116.23,"1,021,385"
25-Oct-17,114.85,115.49,114.32,115.3,"1,457,802"
24-Oct-17,115.23,116.28,114.87,115.02,"1,415,846"
23-Oct-17,115.26,115.49,114.33,114.49,"1,977,380"
20-Oct-17,112.59,115.38,112.43,115.34,"2,265,914"
19-Oct-17,108.72,112.99,107.84,111.96,"2,019,485"
18-Oct-17,110.82,110.99,109.79,110.56,"1,797,676"
17-Oct-17,110.79,111.21,110.44,110.64,"1,581,554"
16-Oct-17,111.43,111.65,110.38,110.84,"1,321,317"
13-Oct-17,111.54,111.56,110.87,111.17,"1,004,254"
12-Oct-17,109.94,111.48,109.86,111.07,"1,368,838"
11-Oct-17,109.75,110.27,109.39,110.1,"801,757"
10-Oct-17,110.32,110.42,109.61,110.07,"1,190,333"
9-Oct-17,110.74,110.74,109.45,110.32,"1,525,050"
6-Oct-17,110.56,111.8,110.35,110.95,"1,197,958"
5-Oct-17,110.16,110.84,109.86,110.71,"1,102,927"
4-Oct-17,109.78,110.57,109.68,109.95,"1,449,924"
3-Oct-17,109.3,110.11,108.67,109.69,"1,299,914"
2-Oct-17,106.43,108.87,106.2,108.72,"1,329,388"
29-Sep-17,106.5,107.31,106.19,106.43,"1,749,282"
28-Sep-17,105.7,106.69,105.48,106.61,"1,592,573"
27-Sep-17,106.41,106.69,105.59,105.77,"1,509,115"
26-Sep-17,107.14,107.48,105.91,106.28,"2,132,748"
25-Sep-17,106,107.89,105.78,106.91,"1,914,062"
22-Sep-17,106.72,106.93,106.24,106.52,"1,123,327"
21-Sep-17,106.43,107.64,106.43,106.75,"1,018,923"
20-Sep-17,106.29,107.02,105.96,106.57,"1,442,149"
19-Sep-17,104.8,106.15,104.57,106.11,"1,034,237"
18-Sep-17,104.02,104.73,103.79,104.6,"1,278,714"
15-Sep-17,104.06,104.39,103.78,104.11,"1,856,416"
14-Sep-17,103.09,104.43,102.45,104.29,"1,353,068"
13-Sep-17,104.23,104.35,102.6,102.9,"1,370,412"
12-Sep-17,103.9,104.55,103.38,104.5,"797,466"
11-Sep-17,102.33,103.93,101.8,103.72,"1,038,935"
8-Sep-17,101.5,101.8,99.52,101.46,"1,210,286"
7-Sep-17,102.22,102.22,100.98,101.87,"938,689"
6-Sep-17,101.78,102.49,100.98,102.06,"1,589,333"
5-Sep-17,102.31,102.55,101.2,101.31,"1,009,308"
1-Sep-17,102.64,102.76,101.96,102.44,"997,596"
31-Aug-17,102.08,102.32,101.68,102.17,"1,714,443"
30-Aug-17,101.49,102.15,101.33,101.67,"1,301,360"
29-Aug-17,101.32,101.9,100.91,101.72,"866,886"
28-Aug-17,101.74,102.21,101.44,102.01,"809,406"
25-Aug-17,101.84,101.95,101.11,101.59,"863,929"
24-Aug-17,101.77,102.42,101.47,101.58,"685,316"
23-Aug-17,101.88,102.27,101.46,101.5,"891,459"
22-Aug-17,100.55,102.59,100.26,102.39,"995,787"
21-Aug-17,100,100.42,99.63,100.28,"1,351,627"
18-Aug-17,100.32,100.73,99.85,99.98,"1,778,770"
17-Aug-17,101.43,101.84,100.57,100.57,"1,009,604"
16-Aug-17,101.05,101.74,100.62,101.61,"1,319,742"
15-Aug-17,100.49,101.09,100.15,100.82,"1,332,556"
14-Aug-17,99.62,100.69,99.12,100.45,"1,304,048"
11-Aug-17,99.47,99.47,98.38,98.66,"1,536,922"
10-Aug-17,100.69,100.99,99.14,99.25,"2,084,251"
9-Aug-17,100.92,101.68,100.69,101.24,"1,910,133"
8-Aug-17,102.12,102.28,101.07,101.27,"1,398,246"
8-Aug-17,0.45 Dividend,,,,
7-Aug-17,102.6,103.29,102.35,102.54,"1,143,214"
4-Aug-17,102.34,102.68,101.73,102.41,"846,636"
3-Aug-17,103.82,103.82,101.29,102.08,"2,121,560"
2-Aug-17,102.32,104.2,102.18,103.58,"1,974,590"
1-Aug-17,102.67,103.01,102.04,102.51,"2,103,503"
31-Jul-17,103.69,103.81,102.39,102.64,"1,570,646"
28-Jul-17,103.52,103.9,102.83,103.4,"1,724,437"
27-Jul-17,104.19,104.54,102.87,103.52,"1,896,447"
26-Jul-17,104.48,104.57,103.97,104.11,"1,049,849"
25-Jul-17,103.57,104.86,103.25,104.46,"1,822,849"
24-Jul-17,102.59,103.22,102.1,102.78,"2,566,988"
21-Jul-17,103.62,104.74,103.62,103.74,"2,676,696"
20-Jul-17,106.88,106.88,103.21,104.08,"4,708,055"
19-Jul-17,110.33,110.85,109.9,110.79,"1,102,170"
18-Jul-17,110.05,110.19,109.34,110.15,"826,464"
17-Jul-17,110.01,110.65,109.73,110.16,"466,433"
14-Jul-17,109.85,110.34,109.54,110.01,"658,121"
13-Jul-17,109.02,109.84,108.96,109.62,"906,435"
12-Jul-17,108.91,109.4,108.51,109.07,"1,418,865"
11-Jul-17,108.35,108.52,107.81,108.22,"750,285"
10-Jul-17,107.99,108.64,107.99,108.23,"1,069,946"
7-Jul-17,107.62,108.38,107.22,108.25,"721,029"
6-Jul-17,107.71,107.88,107.1,107.33,"864,919"
5-Jul-17,108.47,108.84,107.49,107.94,"630,808"
3-Jul-17,107.87,108.35,107.48,107.87,"381,538"
30-Jun-17,107.45,107.79,106.94,107.24,"786,673"
29-Jun-17,108.31,108.54,106.56,106.94,"835,940"
28-Jun-17,108.25,108.54,108.14,108.32,"1,967,432"
27-Jun-17,107.75,108.47,107.75,107.75,"956,538"
26-Jun-17,107.81,108.31,107.59,108.08,"734,646"
23-Jun-17,107.76,108.28,107.6,107.94,"1,442,728"
22-Jun-17,108.03,108.18,107.67,107.83,"1,184,714"
21-Jun-17,108.25,108.46,107.73,107.94,"1,372,519"
20-Jun-17,108.13,108.48,107.87,108.04,"884,301"
19-Jun-17,108.75,108.81,108.22,108.36,"1,242,209"
16-Jun-17,108.45,108.97,108.1,108.41,"2,188,212"
15-Jun-17,107.73,108.86,107.73,108.56,"978,970"
14-Jun-17,108.91,108.94,108.28,108.74,"892,790"
13-Jun-17,107.34,108.82,107.13,108.81,"1,357,642"
12-Jun-17,107.28,108.1,106.97,107.41,"2,196,587"
9-Jun-17,105.39,107.21,105.39,107.21,"1,617,344"
8-Jun-17,104.69,105.33,104,105.25,"1,293,641"
7-Jun-17,105.88,106.06,104.87,105.18,"1,915,135"
6-Jun-17,105.19,105.87,104.98,105.7,"1,258,087"
5-Jun-17,107.28,107.64,105.63,105.68,"1,066,172"
2-Jun-17,106.44,107.91,106,107.69,"1,314,459"
1-Jun-17,103.85,107.73,103.76,106.46,"2,198,866"
31-May-17,104.03,104.03,103.07,103.73,"1,696,141"
30-May-17,104.35,104.35,103.26,103.84,"975,121"
26-May-17,104.08,105,103.84,104.58,"664,697"
25-May-17,104.52,104.85,103.93,104.26,"1,340,484"
24-May-17,104.16,104.78,103.55,104.29,"524,768"
23-May-17,103.84,104.41,103.46,104.06,"794,345"
22-May-17,104.3,104.53,103.52,103.79,"959,387"
19-May-17,102.51,104.48,102.51,104.09,"1,081,226"
18-May-17,103.01,103.48,102.3,102.78,"1,326,940"
17-May-17,104.07,104.43,102.79,102.87,"1,294,021"
16-May-17,105.25,105.39,104.59,104.75,"600,377"
15-May-17,104.51,105.74,104.5,105.31,"730,610"
12-May-17,104.63,104.81,104.18,104.47,"500,457"
11-May-17,104.65,105.09,103.64,104.8,"1,128,566"
10-May-17,105.27,105.85,104.94,105.18,"1,044,008"
9-May-17,105.78,106.03,104.87,105.18,"1,258,564"
8-May-17,107.03,107.23,105.48,105.75,"1,310,048"
8-May-17,0.40 Dividend,,,,
5-May-17,106.89,108.19,106.72,107.43,"1,214,005"
4-May-17,106.24,107.17,106.13,106.78,"1,102,093"
3-May-17,106.23,106.57,105.96,106.11,"927,419"
2-May-17,106.59,109.8,106,106.37,"1,109,178"
1-May-17,106.57,106.84,106.02,106.36,"706,473"
28-Apr-17,107.91,107.91,106.7,106.73,"1,046,842"
27-Apr-17,107.45,108.82,107.18,108.14,"1,715,933"
26-Apr-17,107.75,107.75,106.51,107.35,"1,332,553"
25-Apr-17,105.12,107.92,105.12,107.69,"2,342,580"
24-Apr-17,104.97,105.16,103.88,104.95,"2,096,751"
21-Apr-17,103.64,104.13,102.94,102.94,"2,044,941"
20-Apr-17,102.64,103.59,101.41,103.36,"2,230,520"
19-Apr-17,102,102.81,101.71,102.03,"1,176,519"
18-Apr-17,101.9,102.4,101.37,101.78,"1,148,585"
17-Apr-17,101.85,102.48,101.36,102.41,"859,765"
13-Apr-17,102.03,102.33,101.32,101.47,"857,460"
12-Apr-17,102.52,102.52,101.56,102.09,"1,174,533"
11-Apr-17,102.51,103.11,101.9,103.06,"1,154,365"
10-Apr-17,102.89,103.4,102.28,102.8,"1,029,701"
7-Apr-17,102.18,103.2,102.18,103.05,"1,116,689"
6-Apr-17,102.2,102.87,102.02,102.29,"1,247,102"
5-Apr-17,102.03,103.65,101.59,102.03,"1,664,047"
4-Apr-17,102.11,102.31,101.57,101.81,"1,214,226"
3-Apr-17,102.52,102.63,101.23,102.11,"1,317,949"
31-Mar-17,101.97,102.54,101,102.11,"1,236,529"
30-Mar-17,102.47,102.96,102.19,102.25,"1,413,466"
29-Mar-17,101.92,102.95,101.59,102.78,"1,144,139"
28-Mar-17,100.91,102.32,100.64,102,"1,084,869"
27-Mar-17,99.85,101.07,99.31,100.88,"1,588,198"
24-Mar-17,101.54,101.9,100.63,100.85,"1,284,338"
23-Mar-17,100.99,102.48,100.57,101.66,"1,838,753"
22-Mar-17,101.45,101.45,99.74,101.3,"2,044,220"
21-Mar-17,102.41,103.23,101.48,101.52,"2,055,712"
20-Mar-17,101.28,102.73,99.46,102.58,"2,573,623"
17-Mar-17,101.44,102.03,100.46,101.53,"2,972,931"
16-Mar-17,101.69,101.69,100.11,100.69,"1,194,650"
15-Mar-17,99.98,101.46,99.3,101.1,"1,789,376"
14-Mar-17,99.57,99.57,98.58,98.85,"1,208,642"
13-Mar-17,99.37,99.82,98.72,99.78,"1,442,701"
10-Mar-17,101,101.56,99.06,99.2,"3,039,008"
9-Mar-17,103,103,98.55,100.02,"5,750,030"
8-Mar-17,97.79,110.28,97.5,103.81,"12,605,302"
7-Mar-17,98.28,98.38,97.82,97.93,"1,211,903"
6-Mar-17,99.07,99.08,98.1,98.34,"928,048"
3-Mar-17,99.53,100.25,98.8,99.17,"1,077,308"
2-Mar-17,100.38,100.38,99.41,99.48,"1,398,884"
1-Mar-17,100.52,100.88,100.14,100.37,"1,680,749"
28-Feb-17,99.43,99.85,99.08,99.53,"1,277,456"
27-Feb-17,100.16,100.48,99.37,99.55,"1,149,052"
24-Feb-17,99.24,100.44,99.05,100.39,"1,348,643"
23-Feb-17,100.31,100.31,99.3,99.7,"1,521,216"
22-Feb-17,99.5,100.42,99.43,99.9,"1,951,353"
21-Feb-17,99.6,100.21,99.45,100.09,"2,263,346"
17-Feb-17,98.83,99.47,97.89,99.47,"1,305,967"
16-Feb-17,98.92,99.11,98.13,98.89,"878,930"
15-Feb-17,98.14,98.79,98.06,98.63,"877,537"
15-Feb-17,0.40 Dividend,,,,
14-Feb-17,97.67,98.48,97.24,98.31,"1,530,961"
13-Feb-17,97.7,98,97.41,97.57,"981,485"
10-Feb-17,96.98,97.71,96.81,97.31,"1,304,232"
9-Feb-17,96.97,97.25,96.59,96.91,"726,365"
8-Feb-17,96.87,97.05,96.37,96.89,"1,029,155"
7-Feb-17,96.83,97.58,96.57,96.8,"1,084,109"
6-Feb-17,97.1,97.75,96.35,96.71,"1,605,982"
3-Feb-17,97.86,97.9,97.2,97.7,"921,564"
2-Feb-17,97.28,97.83,96.83,97.35,"1,971,552"
1-Feb-17,96.45,97.52,95.82,97.33,"1,643,610"
31-Jan-17,98.45,98.59,96.1,96.8,"2,571,536"
30-Jan-17,98.87,98.87,97.21,98.75,"1,996,094"
27-Jan-17,98.42,98.84,97.97,98.74,"1,333,600"
26-Jan-17,98.38,98.72,97.52,98.58,"1,591,702"
25-Jan-17,98.92,99,97.64,97.83,"2,107,450"
24-Jan-17,97.5,99.26,97.21,98.53,"2,264,397"
23-Jan-17,95.57,97.09,95.53,97.02,"2,340,664"
20-Jan-17,94.88,96.61,94.73,95.82,"2,805,545"
19-Jan-17,94.7,95.8,92.92,94.37,"3,378,025"
18-Jan-17,92.89,93.74,92.59,93.58,"2,144,600"
17-Jan-17,92.71,92.99,91.58,92.89,"2,251,585"
13-Jan-17,93.72,93.98,93.08,93.23,"1,237,908"
12-Jan-17,93.35,93.86,92.72,93.76,"1,027,233"
11-Jan-17,93.16,93.57,92.51,93.53,"1,169,855"
10-Jan-17,92.98,93.55,92.59,93.29,"1,418,749"
9-Jan-17,92,93.36,91.73,93.26,"1,454,135"
6-Jan-17,92.69,93.05,92.23,92.52,"1,379,830"
5-Jan-17,93.36,93.52,92.34,92.55,"1,661,879"
4-Jan-17,92.64,94.39,92.56,94.15,"1,334,473"
3-Jan-17,92.37,92.89,91.53,92.19,"1,358,064"
30-Dec-16,92.37,92.43,91.43,91.72,"1,248,654"
29-Dec-16,91.66,92.26,91.63,92.25,"1,150,148"
28-Dec-16,93.25,93.37,91.55,91.63,"1,155,146"
27-Dec-16,92,92.85,91.83,92.77,"1,200,265"
23-Dec-16,91.99,91.99,90.79,91.65,"1,816,187"
22-Dec-16,92.86,92.91,91.88,91.95,"1,177,536"
21-Dec-16,92.33,93.11,92,92.79,"1,189,982"
20-Dec-16,93.17,93.3,92.49,92.57,"1,418,568"
19-Dec-16,92.98,93.76,92.89,93.13,"1,473,441"
16-Dec-16,92.98,93.59,92.7,92.84,"2,050,117"
15-Dec-16,93.11,94,92.56,93.01,"1,684,597"
14-Dec-16,93.95,94.74,92.83,93.08,"1,576,813"
13-Dec-16,94.98,95.23,93.55,93.93,"2,145,238"
12-Dec-16,95.89,96.64,94.62,95.48,"1,528,911"
9-Dec-16,96.29,96.95,95.74,96.11,"1,355,202"
8-Dec-16,95.03,96.47,94.74,96.22,"1,494,158"
7-Dec-16,93.22,95.06,93.12,95.03,"1,581,683"
6-Dec-16,92.9,93.27,92.45,93.13,"1,358,018"
5-Dec-16,92.3,93.88,92.17,92.91,"1,634,607"
2-Dec-16,92.23,92.43,91.13,91.54,"2,085,220"
1-Dec-16,93.32,93.69,91.8,92.18,"2,444,082"
30-Nov-16,95.3,95.52,92.75,92.85,"2,704,322"
29-Nov-16,94.22,95.29,93.81,94.85,"1,467,938"
28-Nov-16,94.78,94.8,93.66,94.22,"1,251,211"
25-Nov-16,94.49,94.98,94.22,94.98,"482,559"
23-Nov-16,93.49,94.55,93.27,94.46,"1,286,678"
22-Nov-16,93.35,93.6,92.95,93.52,"1,513,562"
21-Nov-16,92.49,93.24,92.25,93.1,"1,807,111"
18-Nov-16,93.14,93.14,92.07,92.13,"1,276,934"
17-Nov-16,93.66,93.72,93.01,93.51,"1,118,735"
16-Nov-16,92.88,93.47,92.78,93.27,"1,636,390"
15-Nov-16,93.01,93.44,92.44,93.14,"1,778,804"
14-Nov-16,93.3,93.74,92.08,92.97,"2,002,259"
11-Nov-16,93.23,94.15,92.42,92.69,"2,013,836"
10-Nov-16,92.83,95.06,92.7,93.76,"2,826,797"
9-Nov-16,89.39,92.89,87.96,92.23,"3,225,509"
8-Nov-16,90.82,92.13,90.5,91.7,"1,692,133"
8-Nov-16,0.40 Dividend,,,,
7-Nov-16,90.75,91,90.18,90.93,"2,066,789"
4-Nov-16,88.69,90.27,88.22,89.45,"1,528,583"
3-Nov-16,89.4,89.77,88.34,88.43,"1,647,574"
2-Nov-16,89.49,90.59,89.02,89.03,"2,227,472"
1-Nov-16,89.87,90.2,88.43,89.38,"2,224,383"
31-Oct-16,89.97,90.06,89.45,89.76,"2,172,977"
28-Oct-16,90.06,91.11,88.93,89.51,"2,062,332"
27-Oct-16,89.66,90.24,89.38,89.97,"2,291,233"
26-Oct-16,87.71,89.27,87.71,89.17,"2,515,849"
25-Oct-16,87.27,88.73,86.39,87.92,"4,338,508"
24-Oct-16,89.39,90.12,89.34,89.86,"2,011,073"
21-Oct-16,88.11,89.24,87.2,89.03,"2,366,992"
20-Oct-16,89.33,91.05,89.16,89.3,"2,411,418"
19-Oct-16,89.46,89.81,88.82,89.21,"2,166,432"
18-Oct-16,90.35,90.43,89.43,89.45,"1,317,470"
17-Oct-16,89.25,89.52,88.9,89.3,"1,918,790"
14-Oct-16,89.39,89.74,89.2,89.25,"2,453,246"
13-Oct-16,87.71,89.02,87.04,88.78,"2,603,365"
12-Oct-16,89.04,89.2,88.12,88.61,"2,171,212"
11-Oct-16,89.87,89.87,88.2,88.96,"4,157,688"
10-Oct-16,90.89,91.55,89.84,90.45,"3,251,573"
7-Oct-16,93.67,93.97,89.16,90.34,"7,136,802"
6-Oct-16,97.73,98.65,97.55,98.49,"1,078,775"
5-Oct-16,98.6,99.01,97.87,97.9,"912,363"
4-Oct-16,100.04,100.31,98.11,98.35,"1,560,626"
3-Oct-16,99.53,100.27,99.53,99.69,"1,348,278"
30-Sep-16,98.93,100.09,98.93,99.62,"1,716,461"
29-Sep-16,99.9,100.19,98.28,98.36,"1,162,960"
28-Sep-16,99.19,100.19,98.66,99.82,"1,300,810"
27-Sep-16,98.31,98.91,97.87,98.74,"1,290,438"
26-Sep-16,99.34,99.55,98.32,98.44,"928,392"
23-Sep-16,99.38,100,99.06,99.53,"1,648,992"
22-Sep-16,99.76,100.45,99.19,99.4,"1,149,767"
21-Sep-16,98.11,98.83,97.59,98.75,"1,143,979"
20-Sep-16,96.77,98.26,96.77,97.59,"1,317,944"
19-Sep-16,97.27,97.87,96.89,97.42,"1,266,116"
16-Sep-16,96.99,97.17,96.17,96.58,"1,986,709"
15-Sep-16,97.04,97.92,96.74,97.57,"1,199,563"
14-Sep-16,97.41,97.71,96.34,97.03,"1,098,659"
13-Sep-16,98.03,98.26,96.94,97.5,"1,425,355"
12-Sep-16,96.84,99.25,96.78,99.04,"1,597,182"
9-Sep-16,100.79,100.79,97.11,97.21,"2,339,450"
8-Sep-16,102.68,103.01,101.47,101.49,"1,042,443"
7-Sep-16,103.36,103.89,102.57,102.86,"1,337,902"
6-Sep-16,103.48,104.06,103.13,103.72,"1,321,192"
2-Sep-16,102.87,103.19,102.47,103.16,"662,667"
1-Sep-16,102.18,102.45,101.28,102.14,"929,606"
31-Aug-16,103.2,103.2,101.61,102.05,"1,392,251"
30-Aug-16,103.46,103.8,102.81,103.39,"1,036,536"
29-Aug-16,102.07,103.98,102.07,103.7,"1,301,714"
26-Aug-16,103.1,103.75,101.59,101.92,"929,702"
25-Aug-16,102.26,103.31,102.21,102.88,"914,054"
24-Aug-16,102.43,103.24,102.16,102.54,"1,808,389"
23-Aug-16,102.04,102.9,101.78,102.59,"1,341,749"
22-Aug-16,100.65,101.47,100.23,101.4,"1,148,549"
19-Aug-16,99.48,101.06,99.48,100.94,"1,090,001"
18-Aug-16,99.84,100.19,99.62,100.01,"1,036,944"
17-Aug-16,99.91,100.26,99.17,99.84,"1,243,021"
16-Aug-16,100.72,101.54,99.9,99.9,"1,287,115"
15-Aug-16,100.36,100.96,100.25,100.68,"1,037,262"
12-Aug-16,100.82,101.07,99.95,100.22,"977,582"
11-Aug-16,101.02,101.56,100.65,100.95,"1,096,106"
10-Aug-16,100.9,101.26,100.32,100.9,"1,102,365"
9-Aug-16,100.57,101.39,100.42,100.59,"1,044,980"
8-Aug-16,100.67,100.91,100.28,100.7,"1,211,361"
8-Aug-16,0.40 Dividend,,,,
5-Aug-16,100.44,100.8,100.19,100.26,"1,063,659"
4-Aug-16,100.14,100.64,99.71,99.95,"1,282,197"
3-Aug-16,99.97,100.21,98.76,100.17,"2,415,786"
2-Aug-16,100.69,100.69,99.23,99.55,"1,473,514"
1-Aug-16,99.95,100.87,99.6,100.49,"1,641,907"
29-Jul-16,100.8,101.03,99.6,100.53,"2,107,674"
28-Jul-16,101.5,102.08,100.64,101.27,"2,163,041"
27-Jul-16,102.6,102.6,101.54,101.86,"1,627,366"
26-Jul-16,102.8,102.8,101.94,102.5,"2,285,250"
25-Jul-16,102.95,103.06,102.15,102.34,"1,670,791"
22-Jul-16,104.26,104.26,103.02,103.35,"1,708,845"
21-Jul-16,104.65,105.73,103.27,104.26,"2,139,928"
20-Jul-16,104.45,105.74,104.15,105.64,"2,361,134"
19-Jul-16,104.3,104.63,103.47,104.05,"1,424,222"
18-Jul-16,104.65,105.13,104.28,104.94,"870,149"
15-Jul-16,104.67,105.11,103.82,104.91,"1,341,275"
14-Jul-16,105.43,105.6,104.03,104.29,"1,359,368"
13-Jul-16,104.75,105.18,103.65,105.1,"1,238,503"
12-Jul-16,103.26,105.13,103.03,104.36,"1,404,235"
11-Jul-16,102.37,102.77,102.17,102.36,"892,797"
8-Jul-16,100.02,102.36,99.83,102.08,"1,649,140"
7-Jul-16,99.16,99.64,98.43,98.92,"1,547,875"
6-Jul-16,98.12,98.91,97.66,98.86,"1,451,539"
5-Jul-16,99.77,99.78,97.74,98.55,"1,898,755"
1-Jul-16,100.16,101.28,99.92,100.35,"1,334,274"
30-Jun-16,98.48,99.99,97.92,99.99,"2,192,977"
29-Jun-16,97.87,98.62,97.52,98.4,"1,582,807"
28-Jun-16,95.96,96.55,94.49,96.55,"1,941,333"
27-Jun-16,97.36,97.42,94.17,94.75,"3,449,547"
24-Jun-16,103.78,103.78,98.13,98.63,"3,821,510"
23-Jun-16,105.32,106.82,105.07,106.78,"2,078,270"
22-Jun-16,104.07,104.07,103.36,103.51,"1,219,510"
21-Jun-16,104.31,104.31,103.53,103.75,"1,346,303"
20-Jun-16,104.92,105.35,104,104.09,"1,227,922"
17-Jun-16,102.73,103.94,102.37,103.86,"1,807,062"
16-Jun-16,101.4,102.74,100.87,102.69,"843,422"
15-Jun-16,103.02,103.34,102.25,102.36,"1,056,485"
14-Jun-16,103.03,103.55,102.18,102.81,"1,221,823"
13-Jun-16,104.59,104.89,103.32,103.39,"1,343,900"
10-Jun-16,105.39,105.48,104.43,104.88,"1,255,754"
9-Jun-16,105.81,106.08,105.15,106.02,"2,689,507"
8-Jun-16,103.75,106.82,103.22,106.52,"1,908,107"
7-Jun-16,103.83,104.04,103.09,103.47,"1,238,473"
6-Jun-16,103.79,104.53,103.38,103.81,"935,929"
3-Jun-16,103.76,103.85,102.6,103.37,"1,338,729"
2-Jun-16,103.08,103.88,102.62,103.88,"759,921"
1-Jun-16,103.03,103.89,102.24,103.67,"998,448"
31-May-16,104.31,104.53,102.92,103.38,"1,807,466"
27-May-16,103.65,104.37,103.02,104.27,"732,422"
26-May-16,104.03,104.65,103.3,103.4,"685,735"
25-May-16,103.94,104.39,103.4,104,"800,585"
24-May-16,102.32,103.83,102.21,103.46,"1,084,848"
23-May-16,101.95,102.57,101.58,102.18,"1,485,412"
20-May-16,102.13,102.76,101.7,101.97,"906,316"
19-May-16,101.77,102.39,100.77,101.42,"1,153,855"
18-May-16,102.66,103.49,101.84,102.14,"1,996,244"
17-May-16,103.52,103.94,102.43,102.74,"1,226,987"
16-May-16,102.91,104.3,102.82,103.84,"1,488,643"
13-May-16,103.28,103.76,102.22,102.44,"1,547,593"
12-May-16,103.91,104.22,102.12,103.2,"1,130,257"
11-May-16,104.4,104.84,103.09,103.13,"1,623,257"
10-May-16,103.5,104.48,102.98,104.39,"817,535"
9-May-16,103.82,103.91,103.01,103.15,"1,046,643"
6-May-16,103.4,103.99,102.9,103.99,"1,172,291"
6-May-16,0.40 Dividend,,,,
5-May-16,104.3,104.77,103.53,103.86,"810,173"
4-May-16,103.8,104.61,103.31,103.87,"1,062,095"
3-May-16,105.31,105.43,104.28,104.74,"1,303,293"
2-May-16,105.39,106.42,104.3,106.41,"1,390,051"
29-Apr-16,107.52,107.83,104.98,105.59,"2,308,459"
28-Apr-16,107.03,108.47,106.68,107.87,"1,617,399"
27-Apr-16,108.94,109.67,107.7,108.08,"1,246,896"
26-Apr-16,108.44,108.96,108.1,108.62,"1,525,897"
25-Apr-16,108.09,108.38,107.11,107.71,"951,003"
22-Apr-16,106.51,108.46,105.97,108.27,"2,145,526"
21-Apr-16,106.85,108.09,105.32,105.47,"3,641,264"
20-Apr-16,111.77,111.92,110.53,111.03,"1,593,694"
19-Apr-16,111.19,111.73,110.74,111.49,"1,466,605"
18-Apr-16,110,110.89,109.66,110.72,"1,543,522"
15-Apr-16,109.71,110.39,109.42,110.34,"1,284,875"
14-Apr-16,108.8,109.61,108.8,109.54,"1,070,934"
13-Apr-16,108.49,109.32,107.84,109.27,"1,062,905"
12-Apr-16,107.22,108.25,106.52,108.03,"871,345"
11-Apr-16,107.2,107.94,106.74,106.83,"887,120"
8-Apr-16,106.21,107.27,106.21,106.97,"712,045"
7-Apr-16,106.51,106.97,105.3,105.8,"921,245"
6-Apr-16,106.53,107.33,105.83,107.21,"812,145"
5-Apr-16,106.65,107.17,106.09,106.59,"1,319,226"
4-Apr-16,108.23,108.31,106.78,107.32,"1,390,534"
1-Apr-16,105.64,108.37,105.43,108.2,"1,453,334"
31-Mar-16,107.04,107.21,106.3,106.65,"1,438,901"
30-Mar-16,106.18,107.23,105.92,107.04,"1,636,866"
29-Mar-16,104.07,105.79,103.89,105.77,"1,026,264"
28-Mar-16,104.64,104.85,104.02,104.65,"1,043,780"
24-Mar-16,103.5,104.32,102.71,104.22,"1,386,202"
23-Mar-16,104.18,104.91,103.43,104.4,"1,222,284"
22-Mar-16,104.07,105.41,103.84,105.07,"1,663,271"
21-Mar-16,104.86,105.73,103.58,104.16,"2,170,274"
18-Mar-16,104.86,105.78,103.36,104.17,"2,628,422"
17-Mar-16,102.26,104.94,102.26,104.65,"1,789,771"
16-Mar-16,99.69,102.04,99.61,101.98,"1,122,636"
15-Mar-16,99.43,100.39,99.12,100.21,"819,325"
14-Mar-16,99.81,100.53,99.48,100.19,"878,714"
11-Mar-16,99.63,100.66,99.27,100.45,"1,479,582"
10-Mar-16,98.14,99.69,97.42,98.44,"902,020"
9-Mar-16,97.76,98.24,96.98,97.84,"1,147,527"
8-Mar-16,97.93,98.19,96.95,97.1,"1,280,035"
7-Mar-16,97.42,98.96,97.22,98.88,"1,649,018"
4-Mar-16,96.3,98.46,95.96,98.04,"2,073,315"
3-Mar-16,94.66,96.37,93.96,95.94,"1,921,725"
2-Mar-16,94.91,95.41,94.15,95.01,"945,054"
1-Mar-16,93.31,96.12,92.71,95.25,"1,503,966"
29-Feb-16,93.71,94.55,92.3,92.34,"1,430,920"
26-Feb-16,93.48,94.17,93.13,93.9,"1,078,999"
25-Feb-16,91.93,92.84,90.45,92.8,"1,036,816"
24-Feb-16,89.54,91.65,88.91,91.52,"815,227"
23-Feb-16,92.35,92.46,90.59,90.75,"1,260,295"
22-Feb-16,92.66,93.74,91.7,92.52,"1,291,571"
19-Feb-16,90.55,91.58,89.61,91.48,"1,592,329"
18-Feb-16,91.06,91.43,90.05,90.58,"1,506,434"
17-Feb-16,90.21,91.3,88.97,90.87,"1,850,168"
17-Feb-16,0.36 Dividend,,,,
16-Feb-16,88.67,89.35,87.45,89.21,"1,198,946"
12-Feb-16,85.82,87.79,85.4,87.45,"1,438,716"
11-Feb-16,85.14,86.45,84.3,85.06,"1,796,456"
10-Feb-16,87.35,88.82,86.75,87.04,"1,240,182"
9-Feb-16,84.44,87.36,84.21,86.7,"1,567,212"
8-Feb-16,87.86,87.93,84.67,85.43,"1,926,814"
5-Feb-16,90.82,91.31,88.34,88.49,"1,544,365"
4-Feb-16,90.84,91.78,90.14,91.19,"1,457,465"
3-Feb-16,89.85,90.67,87.54,90.63,"1,831,786"
2-Feb-16,90.49,90.49,88.29,88.66,"1,635,958"
1-Feb-16,89.29,91.38,88.86,91.09,"1,748,378"
29-Jan-16,88.35,90.66,87.93,90.64,"2,365,396"
28-Jan-16,88.89,89.61,87.64,87.75,"2,347,271"
27-Jan-16,88.07,89.8,87.57,88.43,"1,887,428"
26-Jan-16,87.17,88.89,86.82,88.22,"1,236,814"
25-Jan-16,88.44,88.92,86.65,86.82,"1,623,206"
22-Jan-16,88.42,90.34,87.98,88.77,"1,860,686"
21-Jan-16,88.62,90.21,86.34,87.59,"4,310,680"
20-Jan-16,86.19,90.23,85.78,89.11,"4,935,210"
19-Jan-16,88.43,88.86,85.66,87.28,"3,317,956"
15-Jan-16,87.32,88,86.08,87.57,"2,052,762"
14-Jan-16,88.89,89.68,87.28,89.16,"2,300,175"
13-Jan-16,91.46,91.7,88.63,88.67,"2,119,863"
12-Jan-16,90.84,91.06,89.37,90.64,"1,320,681"
11-Jan-16,90.37,91.21,89.31,90,"2,187,220"
8-Jan-16,91.17,92.09,89.73,90.04,"1,979,363"
7-Jan-16,90.59,92.56,90.22,90.76,"2,597,603"
6-Jan-16,91.9,92.62,91.41,91.92,"1,809,335"
5-Jan-16,93.98,94.64,92.87,93.68,"1,401,524"
4-Jan-16,92.69,93.37,91.53,93.34,"1,636,433"
31-Dec-15,94.7,95.29,94.13,94.16,"895,356"
30-Dec-15,95.6,95.96,95.01,95.07,"730,411"
29-Dec-15,96.07,96.18,95.24,95.84,"676,561"
28-Dec-15,95.48,95.6,94.73,95.19,"680,729"
24-Dec-15,95.23,96.04,95.23,95.66,"371,784"
23-Dec-15,94.7,95.78,94.56,95.52,"827,978"
22-Dec-15,93.29,94.49,92.96,94.11,"887,327"
21-Dec-15,92.35,92.78,91.94,92.65,"1,202,643"
18-Dec-15,93.37,93.57,91.71,91.75,"1,807,988"
17-Dec-15,95.79,95.92,93.54,93.61,"1,584,000"
16-Dec-15,94.51,95.6,93.89,95.5,"1,585,775"
15-Dec-15,94.07,94.73,93.83,93.91,"1,258,076"
14-Dec-15,93.92,94.3,92.31,93.12,"2,216,286"
11-Dec-15,94.77,95.25,93.77,94.08,"1,783,093"
10-Dec-15,96.55,96.95,95.77,96.13,"1,651,976"
9-Dec-15,97.91,98.7,95.85,96.76,"2,035,920"
8-Dec-15,99.02,99.6,97.82,97.91,"1,568,163"
7-Dec-15,100.31,100.87,99.36,100.04,"1,000,702"
4-Dec-15,99.59,101.36,99.45,100.97,"1,079,812"
3-Dec-15,100.43,101,99.02,99.38,"1,131,973"
2-Dec-15,101.2,101.71,100.13,100.38,"996,033"
1-Dec-15,101.38,101.83,100.83,101.73,"1,008,405"
30-Nov-15,101.35,101.47,100.17,100.76,"1,560,416"
27-Nov-15,101.27,101.65,100.57,101.2,"491,594"
25-Nov-15,100.92,101.73,100.41,101.44,"1,152,343"
24-Nov-15,99.6,101.04,99.6,100.52,"1,159,587"
23-Nov-15,100.05,101.03,99.38,100.5,"1,999,680"
20-Nov-15,98.62,100.13,98.44,99.69,"1,761,502"
19-Nov-15,99.32,99.64,98.04,98.5,"1,252,206"
18-Nov-15,97.01,99.59,96.76,99.32,"2,128,295"
17-Nov-15,97.1,98.2,96.67,96.92,"1,381,130"
16-Nov-15,96.15,97.31,95.51,97.15,"1,766,689"
13-Nov-15,94.66,96.7,94.2,96.08,"1,938,251"
12-Nov-15,95.87,96.35,94.53,94.53,"1,903,904"
11-Nov-15,96.73,97.16,96.1,96.82,"1,011,509"
10-Nov-15,96.61,97.05,95.65,96.35,"1,316,203"
9-Nov-15,97.87,97.93,96,96.94,"893,108"
6-Nov-15,97.66,98.39,97.03,98.15,"1,012,111"
6-Nov-15,0.36 Dividend,,,,
5-Nov-15,98.49,98.76,97.27,98,"910,478"
4-Nov-15,99.37,99.44,98.55,98.62,"730,526"
3-Nov-15,98.8,99.5,98.43,98.93,"1,013,389"
2-Nov-15,98.96,99.41,98.15,98.75,"1,457,191"
30-Oct-15,99.3,99.49,98.45,99,"1,519,924"
29-Oct-15,99.13,99.39,98.35,99.02,"1,099,892"
28-Oct-15,98.25,99.09,97.53,99.07,"1,040,455"
27-Oct-15,98.25,98.93,97.45,97.74,"1,315,178"
26-Oct-15,98.85,99.21,98.2,98.69,"1,279,200"
23-Oct-15,99.23,99.59,98.5,98.74,"1,546,620"
22-Oct-15,96.47,98.75,96.23,98.39,"2,496,932"
21-Oct-15,96.59,96.71,94.96,95.56,"1,978,855"
20-Oct-15,96.07,97.23,95.67,96.27,"1,435,715"
19-Oct-15,94.98,96.17,94.39,96.08,"1,295,898"
16-Oct-15,95.15,98.05,94.95,95.66,"3,795,596"
15-Oct-15,92.88,94.37,91.45,94.25,"3,253,581"
14-Oct-15,91.96,93.27,91.88,92.41,"2,242,369"
13-Oct-15,91.67,93.1,91.03,92.28,"2,226,693"
12-Oct-15,91.78,92.78,91.17,92.43,"1,818,662"
9-Oct-15,90.87,91.59,90.22,91.13,"1,695,281"
8-Oct-15,89.42,91.15,89.06,90.94,"1,293,623"
7-Oct-15,88.21,89.58,87.81,89.55,"2,208,796"
6-Oct-15,89.84,90.39,88.55,88.69,"2,351,686"
5-Oct-15,88.73,90.07,88.5,89.82,"1,973,817"
2-Oct-15,84.56,88.04,83.89,87.99,"2,321,962"
1-Oct-15,78.75,85.63,78.75,85.58,"3,581,533"
30-Sep-15,82.7,83.77,82.56,83.27,"2,928,363"
29-Sep-15,80.42,81.97,80.24,81.61,"2,483,655"
28-Sep-15,83.09,83.4,80.14,80.25,"2,322,877"
25-Sep-15,84.19,84.73,83.21,83.88,"1,507,090"
24-Sep-15,84.56,84.95,82.79,83.67,"3,718,159"
23-Sep-15,87.12,87.52,85.27,85.4,"1,699,186"
22-Sep-15,87.58,87.9,85.97,87,"1,904,974"
21-Sep-15,88.83,89.57,88.33,88.74,"1,186,599"
18-Sep-15,88.41,89.25,88.05,88.49,"2,220,822"
17-Sep-15,90.27,91.2,89.36,89.69,"2,171,415"
16-Sep-15,89.66,90.55,89.56,90.27,"1,827,604"
15-Sep-15,89.41,90.52,88.94,89.52,"2,385,582"
14-Sep-15,91.45,91.89,89.01,89.41,"2,397,318"
11-Sep-15,91.44,91.9,90.61,91.84,"1,472,635"
10-Sep-15,91.24,92.48,90.75,91.76,"2,114,865"
9-Sep-15,92.45,92.94,91.13,91.25,"2,925,368"
8-Sep-15,90.15,91.55,89.75,91.54,"1,709,644"
4-Sep-15,88,89.11,87.63,88.6,"2,149,396"
3-Sep-15,89.31,90.1,88.84,89.24,"1,472,064"
2-Sep-15,88.17,88.81,87,88.81,"2,498,278"
1-Sep-15,88.56,88.91,86.23,86.74,"2,433,813"
31-Aug-15,90.74,91.78,89.98,90.48,"1,714,133"
28-Aug-15,90.07,91.52,90.07,91.26,"1,710,015"
27-Aug-15,89.89,91.01,88.56,90.39,"4,585,858"
26-Aug-15,88,88.52,86.41,88.4,"3,991,735"
25-Aug-15,90.08,90.08,86.43,86.46,"2,960,871"
24-Aug-15,87.39,91.11,86.41,87.61,"3,951,133"
21-Aug-15,93.59,94.3,92.22,92.31,"2,542,954"
20-Aug-15,96.77,97.23,94.83,94.83,"2,302,416"
19-Aug-15,98.54,98.84,97,97.33,"2,175,164"
18-Aug-15,99.15,100.38,99.1,99.29,"2,426,648"
17-Aug-15,98.95,99.79,98.61,99,"1,578,163"
14-Aug-15,98.41,99.51,98.17,99.42,"1,344,721"
13-Aug-15,99,99.13,98.24,98.3,"1,230,526"
12-Aug-15,98.41,98.95,97.09,98.78,"3,566,690"
11-Aug-15,100.04,100.09,98.56,99.14,"1,477,890"
10-Aug-15,99.44,101.23,99.13,101.23,"1,196,626"
7-Aug-15,99.57,99.84,98.51,98.68,"1,589,333"
6-Aug-15,100.88,101.17,99.61,99.9,"1,507,655"
6-Aug-15,0.36 Dividend,,,,
5-Aug-15,101.91,102.29,100.56,100.87,"1,207,686"
4-Aug-15,102.21,102.64,100.5,100.82,"1,599,089"
3-Aug-15,101.55,102.88,101.33,102.08,"1,535,424"
31-Jul-15,103.15,103.5,102.38,102.56,"1,362,379"
30-Jul-15,102.68,102.92,101.8,102.7,"1,233,782"
29-Jul-15,101.33,103.14,101.11,102.74,"2,653,502"
28-Jul-15,97.48,101.44,97.13,101.18,"3,080,811"
27-Jul-15,97.18,97.67,96.16,96.9,"2,766,020"
24-Jul-15,99.88,99.93,96.71,97.71,"3,112,136"
23-Jul-15,102.3,102.39,99.46,99.96,"3,033,240"
22-Jul-15,102.32,102.97,101.53,102.29,"2,440,856"
21-Jul-15,105.16,105.56,102.07,102.4,"3,796,705"
20-Jul-15,105.94,105.99,104.68,104.9,"2,146,926"
17-Jul-15,106.43,107.45,105.67,105.8,"3,351,851"
16-Jul-15,110.81,111.92,105.55,105.82,"5,356,139"
15-Jul-15,111.03,111.66,110.52,110.7,"1,510,758"
14-Jul-15,110.25,111.56,110.21,111.3,"1,185,055"
13-Jul-15,109.96,110.35,109.74,110.28,"1,474,669"
10-Jul-15,108,108.86,107.45,108.74,"1,364,125"
9-Jul-15,108.51,108.69,106.59,106.6,"1,718,949"
8-Jul-15,107.8,108.34,106.96,107.03,"1,537,031"
7-Jul-15,109.14,109.14,107.28,108.89,"1,641,163"
6-Jul-15,108.65,109.76,108.08,108.92,"1,425,884"
2-Jul-15,110.86,111.03,109.06,109.69,"943,202"
1-Jul-15,109.57,110.3,109.05,110.25,"1,256,405"
30-Jun-15,109.48,109.78,108.26,108.56,"1,115,313"
29-Jun-15,110.85,111.02,108.72,108.81,"996,831"
26-Jun-15,111.8,111.89,111.29,111.68,"751,278"
25-Jun-15,111.76,112.2,111.38,111.42,"1,207,833"
24-Jun-15,111.93,112.13,111.57,111.64,"1,918,339"
23-Jun-15,112.12,112.32,111.44,111.94,"1,174,896"
22-Jun-15,111.67,112.27,111.44,111.83,"901,041"
19-Jun-15,110.87,111.69,110.55,111.01,"2,210,023"
18-Jun-15,110.84,111.9,110.52,111.49,"1,668,934"
17-Jun-15,110.03,110.56,108.96,110.41,"2,525,445"
16-Jun-15,109.04,109.96,108.83,109.78,"1,286,916"
15-Jun-15,109.44,109.91,108.78,109.24,"990,493"
15-Jun-15,2/1 Stock Split,,,,
12-Jun-15,110.56,110.69,109.87,110.37,"1,162,232"
11-Jun-15,110.16,111.17,109.28,110.72,"1,806,188"
10-Jun-15,109.03,110.24,108.83,109.72,"1,979,410"
9-Jun-15,108.11,108.97,107.69,108.47,"1,070,522"
8-Jun-15,108.08,108.15,107.51,107.93,"1,051,044"
5-Jun-15,107.85,108.43,107.16,108.18,"1,045,788"
4-Jun-15,108.32,108.95,108,108.25,"1,406,534"
3-Jun-15,108.51,108.88,107.89,108.83,"1,113,932"
2-Jun-15,108.2,108.79,107.41,108,"768,690"
1-Jun-15,107.96,108.95,107.54,108.37,"903,348"
29-May-15,108.48,108.98,107.9,108.3,"1,200,698"
28-May-15,108.02,108.89,107.58,108.74,"1,230,906"
27-May-15,107.66,108.66,107.51,108.42,"1,433,842"
26-May-15,108.08,108.44,106.82,107.28,"1,470,792"
22-May-15,108.19,108.98,108.19,108.45,"742,834"
21-May-15,108.03,108.94,108,108.47,"664,410"
20-May-15,108.83,109.2,107.99,108.32,"1,284,816"
19-May-15,109.25,109.73,108.54,108.83,"1,481,634"
18-May-15,109.63,109.63,108.59,109.27,"1,843,932"
15-May-15,108.21,109.67,107.81,109.63,"1,263,464"
14-May-15,107.52,108.36,106.94,108.26,"1,527,358"
13-May-15,106.23,106.84,105.28,106.65,"1,544,674"
12-May-15,107.18,107.56,106.19,106.22,"1,247,512"
11-May-15,108.13,108.91,107.51,107.57,"1,722,936"
8-May-15,107.78,109.08,107.32,108.38,"1,585,616"
7-May-15,104.81,106.82,104.42,106.42,"2,165,360"
7-May-15,0.72 Dividend,,,,
6-May-15,105.02,105.08,104.07,104.73,"1,412,892"
5-May-15,106.83,107.05,104.43,104.51,"1,420,806"
4-May-15,106.06,106.59,105.92,106.13,"1,091,028"
1-May-15,104.58,106.03,104.31,105.91,"1,515,578"
30-Apr-15,103.99,105.26,103.77,104.5,"2,217,792"
29-Apr-15,103.62,104.86,103.35,104.78,"1,753,378"
28-Apr-15,104.01,104.39,103.1,104.12,"1,957,242"
27-Apr-15,105.39,105.63,103.94,104.16,"2,169,734"
24-Apr-15,106.53,106.97,104.94,105.32,"1,729,598"
23-Apr-15,106.63,107,106.29,106.53,"855,502"
22-Apr-15,107.14,107.72,106.35,106.78,"872,110"
21-Apr-15,107.63,107.67,106.39,107.09,"1,181,338"
20-Apr-15,107.55,107.98,106.34,107.38,"1,911,904"
17-Apr-15,106.18,107.54,105.81,106.88,"2,212,550"
16-Apr-15,109.91,109.94,106.86,106.94,"2,492,524"
15-Apr-15,107.88,108.05,106.84,107.19,"1,849,842"
14-Apr-15,108.2,108.34,107.02,107.51,"1,281,250"
13-Apr-15,108.17,108.83,107.73,108.28,"1,344,510"
10-Apr-15,108.01,108.43,107.08,108.24,"1,408,668"
9-Apr-15,106.76,107.78,106.31,107.69,"1,177,408"
8-Apr-15,105.8,106.9,105.8,106.65,"1,620,374"
7-Apr-15,105.67,106.75,105.37,106.07,"1,187,402"
6-Apr-15,105.02,106.1,104.7,105.75,"1,100,528"
2-Apr-15,105.37,106.25,105.14,105.45,"1,421,054"
1-Apr-15,106.28,106.57,104.87,105.86,"1,623,690"
31-Mar-15,105.14,106.78,104.78,106.37,"1,838,180"
30-Mar-15,105.79,106.61,105.25,105.88,"1,266,500"
27-Mar-15,104.71,105.65,104.2,105.16,"1,222,798"
26-Mar-15,104.04,104.94,103.78,104.37,"1,125,286"
25-Mar-15,106.49,107.08,104.84,104.92,"1,306,824"
24-Mar-15,106.77,107.47,106.35,106.35,"1,174,796"
23-Mar-15,107.88,108.39,106.79,106.79,"1,290,164"
20-Mar-15,107.22,108.59,106.49,108.03,"1,555,086"
19-Mar-15,107.61,107.99,106.52,106.67,"1,017,632"
18-Mar-15,106.55,109.5,105.18,108.31,"2,110,184"
17-Mar-15,107.76,108.26,106.65,107.18,"1,116,190"
16-Mar-15,107.88,108.59,107.55,108.51,"1,091,228"
13-Mar-15,107.87,108.24,106.75,107.49,"1,181,556"
12-Mar-15,106.3,108.4,106.17,108.34,"986,326"
11-Mar-15,107.45,107.6,106.12,106.2,"1,594,238"
10-Mar-15,108.44,108.53,107.36,107.38,"1,606,786"
9-Mar-15,109.63,110.23,109.19,109.56,"1,418,660"
6-Mar-15,110.07,110.73,109.26,109.41,"1,090,056"
5-Mar-15,111.23,111.43,110.42,111.05,"974,302"
4-Mar-15,109.95,112.2,109.52,111,"1,687,050"
3-Mar-15,111.73,111.77,110.28,110.62,"1,237,544"
2-Mar-15,111.73,112.13,111.1,112.11,"1,454,738"
27-Feb-15,111.25,111.76,110.41,111.01,"1,394,784"
26-Feb-15,110.95,111.69,110.67,111.23,"967,696"
25-Feb-15,111.31,111.97,110.92,111.15,"1,086,134"
24-Feb-15,111.71,111.87,111.08,111.67,"994,720"
23-Feb-15,110.93,111.83,110.75,111.54,"1,347,624"
20-Feb-15,110.66,111.87,109.47,111.61,"1,347,336"
19-Feb-15,110.59,111.84,110.37,111.07,"949,562"
18-Feb-15,110.5,111.49,110,111.42,"1,144,030"
18-Feb-15,0.67 Dividend,,,,
17-Feb-15,110.19,111.45,109.82,110.92,"1,739,148"
13-Feb-15,109.9,111.39,109.63,111.35,"1,251,190"
12-Feb-15,108.29,109.86,107.75,109.59,"1,626,256"
11-Feb-15,107.19,107.79,106.72,107.33,"776,132"
10-Feb-15,107.78,107.91,106.24,107.34,"1,005,048"
9-Feb-15,108.34,108.57,106.37,106.67,"1,741,740"
6-Feb-15,108.25,109.11,107.75,108.57,"1,145,998"
5-Feb-15,107.68,108.75,107.15,108.34,"1,352,748"
4-Feb-15,106.57,107.67,105.82,106.97,"1,099,900"
3-Feb-15,106.49,107.11,105.27,106.71,"1,328,640"
2-Feb-15,104.05,105.46,103.41,105.22,"1,589,568"
30-Jan-15,104.75,106.32,104.75,104.82,"2,708,372"
29-Jan-15,104.41,106.32,103.61,106.15,"1,528,882"
28-Jan-15,106.35,107.09,104.05,104.28,"1,411,114"
27-Jan-15,106.29,107.24,105.47,106.27,"1,246,454"
26-Jan-15,106.8,107.3,105.92,107.14,"1,002,516"
23-Jan-15,108.64,108.64,107.12,107.14,"952,886"
22-Jan-15,107.56,109.09,106.43,108.8,"1,179,620"
21-Jan-15,106.98,107.99,106.39,107.24,"1,469,090"
20-Jan-15,108.68,109.11,106.36,107.3,"2,081,936"
16-Jan-15,106.32,108.59,105.85,108.35,"1,886,332"
15-Jan-15,107.75,110.04,105.71,106.38,"3,105,548"
14-Jan-15,105.5,106.78,104.66,106.74,"2,555,722"
13-Jan-15,106.95,108.28,105.57,106.75,"1,656,402"
12-Jan-15,106.76,107.25,105.74,106.41,"1,446,834"
9-Jan-15,108.28,108.53,106.17,106.74,"1,600,170"
8-Jan-15,106.4,108.49,105.78,108.11,"2,075,872"
7-Jan-15,104.87,105.68,104.12,105.31,"2,366,478"
6-Jan-15,105.68,105.96,103.38,104.84,"1,710,598"
5-Jan-15,106.79,107.11,104.68,105.1,"1,931,756"
2-Jan-15,108.71,109.27,107.04,107.89,"888,776"
31-Dec-14,109.23,109.89,108.65,108.71,"1,271,552"
30-Dec-14,108.89,109.4,108.7,108.95,"843,294"
29-Dec-14,108.6,109.65,108.46,109.33,"868,892"
26-Dec-14,108.82,109.48,108.45,108.92,"604,984"
24-Dec-14,108.87,109.03,108.35,108.7,"541,664"
23-Dec-14,108.25,109.18,108.17,108.67,"1,018,838"
22-Dec-14,107.53,108.18,106.91,107.98,"1,646,448"
19-Dec-14,107.27,107.98,106.76,107.18,"2,143,414"
18-Dec-14,105.3,106.8,104.83,106.76,"1,510,190"
17-Dec-14,102.1,104.9,101.91,104.53,"1,943,066"
16-Dec-14,101.72,104.09,101.6,101.89,"1,946,446"
15-Dec-14,103.95,104.63,101.69,102.58,"2,578,072"
12-Dec-14,104.24,104.6,103.35,103.38,"2,741,908"
11-Dec-14,103.87,105.49,103.69,104.69,"1,499,196"
10-Dec-14,106.1,106.1,103.69,103.87,"1,529,816"
9-Dec-14,103.94,106.19,103.94,106.14,"1,781,290"
8-Dec-14,104.59,105.32,104.25,104.8,"1,805,162"
5-Dec-14,105.3,106.03,104.62,104.81,"1,528,080"
4-Dec-14,104.93,105.89,104.62,105.21,"2,052,848"
3-Dec-14,103.28,105.17,103.06,105,"1,591,502"
2-Dec-14,104.03,104.52,102.5,103.06,"1,815,244"
1-Dec-14,102.27,103.83,101.95,103.4,"3,195,820"
28-Nov-14,102.67,103.25,101.81,102.91,"1,286,352"
26-Nov-14,101.18,102.12,100.9,102.03,"909,228"
25-Nov-14,101.2,102.26,101.2,101.3,"1,363,974"
24-Nov-14,101.4,101.84,100.86,101.38,"2,368,002"
21-Nov-14,101.13,102.4,100.5,101.28,"2,580,772"
20-Nov-14,98.69,100.12,98.58,100.01,"1,405,770"
19-Nov-14,98.15,99.27,97.83,99.07,"2,718,654"
18-Nov-14,96.39,98.17,96.11,98.06,"1,803,044"
17-Nov-14,95.94,97.06,95.66,96.57,"1,093,220"
14-Nov-14,96.46,97.05,95.69,95.89,"1,606,442"
13-Nov-14,96.05,97.35,95.48,96.52,"1,979,978"
12-Nov-14,96.52,96.69,95.55,95.89,"2,076,566"
11-Nov-14,97,97.36,96.27,96.53,"1,409,692"
10-Nov-14,97.15,97.51,96.57,97.01,"1,232,066"
7-Nov-14,95.5,97.58,95.5,97.3,"1,819,388"
6-Nov-14,96.41,97,95.55,96.92,"1,990,214"
6-Nov-14,0.67 Dividend,,,,
5-Nov-14,93.95,96.31,93.59,96.21,"2,963,360"
4-Nov-14,93.87,94.12,92.47,93.04,"1,712,600"
3-Nov-14,95.65,96,93.7,93.93,"2,409,226"
31-Oct-14,91.31,95.86,90.73,95.48,"5,398,172"
30-Oct-14,89.69,90.68,89.43,90.17,"1,368,104"
29-Oct-14,91.41,91.61,89.43,90.03,"3,746,720"
28-Oct-14,91.3,92.28,90.92,91.59,"2,245,822"
27-Oct-14,90.55,90.87,89.63,90.28,"2,100,284"
24-Oct-14,91.34,91.93,90.29,91.81,"1,614,978"
23-Oct-14,91.86,92.14,90.99,91.36,"1,712,038"
22-Oct-14,92.47,93.05,90.61,90.8,"2,937,430"
21-Oct-14,89.98,92.01,89.98,91.9,"2,398,810"
20-Oct-14,88.02,89.66,87.55,89.62,"2,413,438"
17-Oct-14,86.55,88.3,86.09,87.78,"3,454,772"
16-Oct-14,81.52,86.02,80.42,85.24,"4,098,508"
15-Oct-14,82.21,84.91,81.1,84.61,"3,388,842"
14-Oct-14,83.03,84.36,82.23,83.24,"2,546,056"
13-Oct-14,85.92,86.25,82.59,82.78,"2,501,064"
10-Oct-14,87.09,87.85,86,86.04,"2,003,946"
9-Oct-14,89.06,89.19,87.01,87.2,"2,204,986"
8-Oct-14,87.4,88.95,86.76,88.84,"2,850,160"
7-Oct-14,89.25,89.25,87.34,87.39,"2,348,094"
6-Oct-14,90.72,90.72,89.33,89.66,"939,324"
3-Oct-14,90.02,90.78,89.41,89.93,"1,442,696"
2-Oct-14,89.47,89.96,88.08,89.61,"1,724,846"
1-Oct-14,92.11,92.11,88.91,89.61,"3,028,990"
30-Sep-14,93.32,93.46,92.06,92.22,"1,598,744"
29-Sep-14,92.48,93.7,92.22,93.5,"1,099,392"
26-Sep-14,92.4,93.14,92.35,93.03,"766,840"
25-Sep-14,93.47,93.57,92.54,92.54,"1,002,538"
24-Sep-14,93.14,94.14,93.04,94.01,"1,175,508"
23-Sep-14,93.4,93.72,92.86,92.95,"1,344,200"
22-Sep-14,95.14,95.37,93.53,93.6,"1,356,966"
19-Sep-14,95.61,96.17,95.06,95.07,"1,459,036"
18-Sep-14,94.79,95.64,94.64,95.23,"1,057,584"
17-Sep-14,94.44,95.11,94.14,94.61,"1,358,514"
16-Sep-14,93.46,94.63,93.06,94,"1,623,634"
15-Sep-14,93.64,93.93,93.04,93.62,"992,602"
12-Sep-14,94.37,94.59,93.26,93.6,"949,746"
11-Sep-14,94.22,94.75,93.96,94.42,"900,712"
10-Sep-14,94.31,94.99,93.81,94.91,"804,276"
9-Sep-14,95.68,95.76,94.27,94.44,"836,774"
8-Sep-14,95.49,96.27,95.27,95.59,"656,038"
5-Sep-14,95.51,95.63,95.14,95.61,"1,059,268"
4-Sep-14,95.55,96.1,95.26,95.45,"798,942"
3-Sep-14,96.44,96.62,95.3,95.41,"1,174,460"
2-Sep-14,96.75,96.82,95.89,96.19,"858,036"
29-Aug-14,96.54,96.66,96.19,96.5,"777,086"
28-Aug-14,95.95,96.62,95.8,96.3,"758,012"
27-Aug-14,96.62,96.87,95.89,96.21,"859,020"
26-Aug-14,96.96,96.96,96.35,96.78,"871,602"
25-Aug-14,96.15,96.73,96.06,96.67,"921,004"
22-Aug-14,96.14,96.31,95.83,95.89,"644,878"
21-Aug-14,95.96,96.57,95.67,96.13,"928,904"
20-Aug-14,95.63,95.97,95.25,95.67,"939,810"
19-Aug-14,95.67,96.23,95.54,95.92,"814,518"
18-Aug-14,94.83,95.59,94.79,95.52,"974,512"
15-Aug-14,94.72,95.52,94.16,94.82,"882,340"
14-Aug-14,94.48,94.74,94.18,94.49,"867,494"
13-Aug-14,94.09,94.74,93.38,94.69,"815,576"
12-Aug-14,93.45,93.75,93.04,93.53,"557,820"
11-Aug-14,94.06,94.27,93.36,93.37,"753,764"
8-Aug-14,92.72,93.93,92.36,93.86,"763,322"
7-Aug-14,93.58,93.75,92.35,92.5,"1,035,608"
7-Aug-14,0.67 Dividend,,,,
6-Aug-14,92.46,93.35,92.33,92.92,"1,186,538"
5-Aug-14,93.09,93.76,92.35,92.6,"1,059,388"
4-Aug-14,92.55,93.9,92.55,93.73,"990,990"
1-Aug-14,92.03,93.08,91.8,92.68,"1,409,110"
31-Jul-14,95.22,95.22,92.66,92.67,"1,587,234"
30-Jul-14,95.89,96.55,95.12,95.51,"1,270,480"
29-Jul-14,97.41,97.44,95.73,95.77,"1,429,730"
28-Jul-14,97.77,97.94,96.96,97.49,"959,992"
25-Jul-14,98.11,98.34,97.42,97.58,"629,478"
24-Jul-14,98.11,98.73,97.84,98.12,"914,544"
23-Jul-14,98.19,98.88,97.98,98.25,"1,484,924"
22-Jul-14,97.77,98.62,97.62,98.16,"1,163,096"
21-Jul-14,97.45,98.02,97.28,97.52,"1,377,630"
18-Jul-14,97.27,98.34,97.16,97.9,"1,397,996"
17-Jul-14,95.78,97.99,95.78,97.03,"1,891,732"
16-Jul-14,96.59,96.8,95.75,96.14,"2,035,862"
15-Jul-14,97.51,97.87,95.95,96.03,"1,512,424"
14-Jul-14,97.4,97.61,97.13,97.17,"631,270"
11-Jul-14,96.73,97.27,96.14,97.19,"701,112"
10-Jul-14,96.08,97.09,95.77,96.89,"1,188,096"
9-Jul-14,97.08,97.22,96.42,97.09,"849,340"
8-Jul-14,97.13,97.58,96.56,96.61,"960,070"
7-Jul-14,97.64,97.67,96.85,97.35,"1,243,912"
3-Jul-14,97.5,98.28,97.35,98.18,"577,196"
2-Jul-14,97.44,97.87,97.15,97.32,"925,572"
1-Jul-14,98.21,98.57,97.56,97.58,"1,358,588"
30-Jun-14,99.01,99.51,97.45,98.18,"2,919,026"
27-Jun-14,94.19,95.4,94.18,95.33,"1,474,046"
26-Jun-14,95.65,95.67,94.33,94.64,"955,292"
25-Jun-14,95.03,96.17,95.03,95.53,"1,229,450"
24-Jun-14,95.12,96,94.61,94.85,"1,050,830"
23-Jun-14,95.72,95.81,95.17,95.48,"599,898"
20-Jun-14,95.23,95.99,94.97,95.57,"1,507,016"
19-Jun-14,95.03,95.33,94.83,94.94,"850,130"
18-Jun-14,94.49,95.31,94.03,95.11,"1,122,874"
17-Jun-14,94.61,95.36,94.39,94.61,"725,668"
16-Jun-14,95.19,95.42,94.28,94.85,"860,912"
13-Jun-14,95.23,95.66,94.94,95.43,"504,108"
12-Jun-14,95.95,96.1,95,95.11,"1,284,026"
11-Jun-14,95.54,96.2,95.44,96.05,"763,360"
10-Jun-14,95.49,96.19,94.96,96.15,"834,482"
9-Jun-14,95.6,96.08,95.47,95.82,"840,382"
6-Jun-14,95.42,96.15,95.31,95.74,"873,764"
5-Jun-14,95.11,95.21,93.95,94.91,"986,216"
4-Jun-14,94.2,95.66,93.47,95.24,"1,573,510"
3-Jun-14,94.1,94.51,93.87,94.24,"832,148"
2-Jun-14,94.28,94.86,93.89,94.53,"615,454"
30-May-14,93.87,94.78,93.5,94.19,"1,078,052"
29-May-14,93.64,93.9,92.51,93.9,"1,044,522"
28-May-14,92.74,93.87,92.48,93.55,"1,453,010"
27-May-14,93.2,93.3,92.42,92.56,"1,357,730"
23-May-14,91.69,92.98,91.69,92.9,"605,160"
22-May-14,92.04,92.52,91.71,91.73,"691,354"
21-May-14,91.58,92.45,91.44,92.11,"1,186,328"
20-May-14,91.7,92.15,91.34,91.42,"1,540,442"
19-May-14,91.54,92.72,91.27,91.59,"986,330"
16-May-14,91.02,91.37,90.15,91.27,"1,471,306"
15-May-14,91.71,91.78,90.17,90.93,"933,714"
14-May-14,92.31,92.69,91.72,91.83,"866,178"
13-May-14,93.11,93.2,92.3,92.38,"950,068"
12-May-14,92.42,93.27,91.9,93.16,"688,840"
9-May-14,91.68,91.96,91.01,91.86,"1,004,986"
8-May-14,92.32,92.91,91.09,91.7,"1,200,822"
8-May-14,0.67 Dividend,,,,
7-May-14,91.41,92.61,90.79,92.54,"1,619,798"
6-May-14,90.67,91.49,89.87,91.01,"1,240,540"
5-May-14,90.73,91.36,90.13,91.21,"888,036"
2-May-14,89.59,91.06,89.48,90.88,"1,516,208"
1-May-14,89.93,90.43,89.51,89.69,"789,074"
30-Apr-14,89.53,90.33,89.52,90.15,"1,120,086"
29-Apr-14,89.56,90.07,89.02,89.86,"987,392"
28-Apr-14,90.22,90.59,88.5,89.15,"1,583,838"
25-Apr-14,90.27,90.47,89.29,89.85,"1,429,058"
24-Apr-14,91.55,91.7,90.45,90.57,"1,536,786"
23-Apr-14,91.57,92.25,91.23,91.4,"1,543,562"
22-Apr-14,91.66,92.19,91.39,91.43,"1,777,904"
21-Apr-14,92.24,92.85,91.44,91.51,"2,522,990"
17-Apr-14,93.12,93.12,91.48,92.87,"3,588,108"
16-Apr-14,88.47,89.36,87.76,89.22,"2,034,346"
15-Apr-14,87.83,88.07,86.22,87.78,"1,875,386"
14-Apr-14,88.07,88.33,87.13,87.8,"1,304,142"
11-Apr-14,88.19,88.82,87.36,87.45,"1,373,442"
10-Apr-14,91.25,91.35,88.41,88.45,"1,846,940"
9-Apr-14,89.72,91.25,89.26,91.12,"1,432,086"
8-Apr-14,89.81,90.39,88.61,89.63,"1,858,608"
7-Apr-14,91.85,92.07,89.53,89.9,"2,326,994"
4-Apr-14,93.34,93.86,91.59,92.08,"2,836,316"
3-Apr-14,91.84,93.15,91.33,91.9,"1,224,566"
2-Apr-14,91.34,92.19,91.01,91.85,"1,458,230"
1-Apr-14,90.83,91.59,90.04,91.56,"1,093,652"
31-Mar-14,89.73,90.78,89.4,90.08,"1,627,780"
28-Mar-14,88.48,89.26,88.19,88.84,"1,012,728"
27-Mar-14,88.67,88.91,87.55,88.25,"1,202,978"
26-Mar-14,90.05,90.33,88.66,88.66,"1,492,414"
25-Mar-14,90.39,90.84,89.59,89.8,"1,555,466"
24-Mar-14,91.31,91.45,89.51,89.96,"1,008,728"
21-Mar-14,91.48,92.26,90.58,90.85,"3,024,786"
20-Mar-14,90.55,91.32,90.33,90.67,"1,833,742"
19-Mar-14,92.61,92.76,90.54,90.87,"1,495,186"
18-Mar-14,91.48,92.57,91.46,92.17,"1,223,136"
17-Mar-14,90.88,91.81,90.67,91.24,"1,668,824"
14-Mar-14,90.6,91.32,90.45,90.6,"1,213,960"
13-Mar-14,92.3,92.56,90.57,90.75,"1,022,386"
12-Mar-14,91.82,92.2,91.35,91.82,"1,605,502"
11-Mar-14,93.59,93.59,91.93,91.96,"1,772,036"
10-Mar-14,92.81,93.51,92.49,93.26,"979,180"
7-Mar-14,93.28,93.7,92.77,93.15,"1,540,050"
6-Mar-14,93.01,93.72,92.86,93.19,"979,136"
5-Mar-14,93.12,93.57,92.71,92.91,"1,194,204"
4-Mar-14,93.01,93.31,92.51,93.21,"1,354,068"
3-Mar-14,89.97,92.35,89.97,91.75,"1,615,348"
28-Feb-14,90.35,92.26,90.21,92.11,"2,880,670"
27-Feb-14,89.77,90.64,89.02,90.18,"1,586,136"
26-Feb-14,88.65,90.38,88.58,89.92,"1,781,238"
25-Feb-14,87.68,89.4,87.67,88.82,"1,679,166"
24-Feb-14,88.23,88.93,87.77,87.78,"1,695,460"
21-Feb-14,87.89,88.84,87.86,88.41,"2,260,026"
20-Feb-14,87.07,87.94,86.65,87.88,"1,690,740"
19-Feb-14,86.44,87.87,86.41,87.1,"1,718,042"
19-Feb-14,0.61 Dividend,,,,
18-Feb-14,87.46,87.48,86.42,86.59,"2,619,898"
14-Feb-14,86.89,87.94,86.83,87.67,"1,424,170"
13-Feb-14,85.86,87.17,85.47,86.89,"1,374,444"
12-Feb-14,86.33,86.82,85.97,86.21,"1,361,850"
11-Feb-14,85.58,86.61,85.16,85.93,"1,994,692"
10-Feb-14,84.52,85.81,84.34,85.36,"2,010,686"
7-Feb-14,83.81,84.72,83.77,84.71,"1,630,078"
6-Feb-14,82.34,83.22,82.06,83.03,"1,659,072"
5-Feb-14,81.63,82.44,80.67,82.25,"2,258,642"
4-Feb-14,82.48,83.28,82.05,82.25,"1,938,010"
3-Feb-14,84.7,85.08,81.99,82.08,"2,567,098"
31-Jan-14,84.56,85.62,84.2,84.63,"2,721,166"
30-Jan-14,85.25,86.16,84.87,85.7,"1,190,058"
29-Jan-14,84.49,85.8,84.31,85.02,"1,590,910"
28-Jan-14,84.97,85.7,84.33,84.66,"2,033,198"
27-Jan-14,84.46,85.62,83.74,85.02,"2,780,934"
24-Jan-14,85.96,86.18,84.27,84.28,"2,485,314"
23-Jan-14,86.65,87.27,86.21,86.73,"2,456,858"
22-Jan-14,88.25,88.5,86.59,86.86,"2,843,852"
21-Jan-14,88.33,88.89,87.76,88.18,"2,339,614"
17-Jan-14,87.48,89.21,87.48,87.94,"3,656,372"
16-Jan-14,84.73,88.13,84.73,87.1,"3,294,232"
15-Jan-14,88.77,88.9,88.38,88.5,"2,139,978"
14-Jan-14,87.51,88.65,87.05,88.59,"1,919,416"
13-Jan-14,88.14,88.8,86.87,87.14,"2,608,954"
10-Jan-14,88.44,88.89,88,88.45,"2,090,224"
9-Jan-14,88.04,88.75,87.83,88.24,"2,365,968"
8-Jan-14,87.5,88.27,86.97,87.93,"2,006,506"
7-Jan-14,87.06,87.78,86.33,87.38,"2,334,806"
6-Jan-14,88,88.17,86.75,87.03,"1,564,888"
3-Jan-14,87.9,88.22,87.66,87.9,"814,210"
2-Jan-14,87.94,88.31,87.49,87.68,"1,368,442"
